language,approach,faithfulness,completeness,appropriateness,overall,hallucination_rate
hindi,Multilingual,5.0,3.466666666666667,4.666666666666667,4.377777777777777,0.0
hindi,Translation,4.9,4.5,4.966666666666667,4.788888888888889,0.0
chinese,Multilingual,4.933333333333334,3.7,4.733333333333333,4.455555555555556,0.0
chinese,Translation,4.866666666666666,4.266666666666667,4.933333333333334,4.688888888888889,0.0
