language,approach,faithfulness,completeness,appropriateness,overall,hallucination_rate
hindi,Multilingual,4.8,3.6666666666666665,4.733333333333333,4.3999999999999995,3.3333333333333335
hindi,Translation,4.8,4.466666666666667,4.866666666666666,4.711111111111111,0.0
chinese,Multilingual,4.866666666666666,3.7666666666666666,4.833333333333333,4.488888888888888,0.0
chinese,Translation,4.9,4.066666666666666,4.933333333333334,4.633333333333334,0.0
